Idiom,Meaning,Transliteration,T5_Response
A blessing in disguise,a good thing that seemed bad at first,A blessing in disguise,Hindi: A blessing in disguise
A dime a dozen,Something common,A dime a dozen,a saxophone idiom in Hindi: A dime a dozen
Beat around the bush,"Avoid saying what you mean, usually because it is uncomfortable",Beat around the bush,Hindi: Beat around the bush
Better late than never,Better to arrive late than not to come at all,Better late than never,Trouvez l'équivalent de ce idiome en Hindi: Better late than never
Bite the bullet,To get something over with because it is inevitable,Bite the bullet,a symphony in Hindi: Bite the bullet
Break a leg,Good luck,Break a leg,this idiom in Hindi: Break a leg
Call it a day,Stop working on something,Call it a day,idiom in Hindi: Call it a day
Cut somebody some slack,Don't be so critical,Cut somebody some slack,idiom in Hindi: Cut somebody some slack.
Cutting corners,Doing something poorly in order to save time or money,Cutting corners,Hindi: Cutting corners
Easy does it,Slow down,Easy does it,idiom in Hindi: Easy does it
Get out of hand,Get out of control,Get out of hand,Hindi: Get out of hand
Get something out of your system,Do the thing you've been wanting to do so you can move on,Get something out of your system,Hindi: Get something out of your system
Get your act together,Work better or leave,Get your act together,idiom in Hindi: Get your act together
Give someone the benefit of the doubt,Trust what someone says,Give someone the benefit of the doubt,
Go back to the drawing board,Start over,Go back to the drawing board,Hindi: Go back to the drawing board
Hang in there,Don't give up,Hang in there,Hindi: Hang in there
Hit the sack,Go to sleep,Hit the sack,Hindi: Hit the sack
It's not rocket science,It's not complicated,It's not rocket science,: It's not rocket science.
Let someone off the hook,To not hold someone responsible for something,Let someone off the hook,Hindi: Let someone off the hook
Make a long story short,Tell something briefly,Make a long story short,idiom in Hindi: Make a long story short
Miss the boat,It's too late,Miss the boat,this idiom in Hindi: Miss the boat
"No pain, no gain",You have to work for what you want,"No pain, no gain","Hindi: No pain, no gain"
On the ball,Doing a good job,On the ball,Hindi: On the ball
Pull someone's leg,To joke with someone,Pull someone's leg,: Pull someone's leg. Find this idiom in Hindi: Pull someone's leg.
Pull yourself together,Calm down,Pull yourself together,Hindi: Pull yourself together
So far so good,Things are going well so far,So far so good,Hindi: So far so good
Speak of the devil,The person we were just talking about showed up!,Speak of the devil,idiom in Hindi: Speak of the devil
That's the last straw,My patience has run out,That's the last straw,the last straw. straw.. straw. this idiom in Hindi: That's the last straw.
The best of both worlds,An ideal situation,The best of both worlds,a idiom in Hindi: The best of both worlds
Time flies when you're having fun,You don't notice how long something lasts when it's fun,Time flies when you're having fun,: this idiom in Hindi: Time flies when you're having fun.
To get bent out of shape,To get upset,To get bent out of shape,a sexy idiom in Hindi: To get bent out of shape
To make matters worse,Make a problem worse,To make matters worse,Hindi: To make matters worse
Under the weather,Sick,Under the weather,in Hindi: Under the weather
We'll cross that bridge when we come to it,Let's not talk about that problem right now,We'll cross that bridge when we come to it,. it.. it. this idiom in Hindi: Find this idiom in Hindi: We'll cross that bridge when we come to it.
Wrap your head around something,Understand something complicated,Wrap your head around something,a idiom in Hindi: Wrap your head around something
You can say that again,"That's true, I agree",You can say that again,idiom in Hindi: You can say that again
Your guess is as good as mine,I have no idea,Your guess is as good as mine,idiom in Hindi: Your guess is as good as mine
A bird in the hand is worth two in the bush,What you have is worth more than what you might have later,A bird in the hand is worth two in the bush,a bird in the hand is worth two in the bush.
A penny for your thoughts,Tell me what you're thinking,A penny for your thoughts,Hindi: A penny for your thoughts
A penny saved is a penny earned,Money you save today you can spend later,A penny saved is a penny earned,a penny saved is a penny earned.
A perfect storm,the worst possible situation,A perfect storm,idiom in Hindi: A perfect storm
A picture is worth 1000 words,Better to show than tell,A picture is worth 1000 words,idiom in Hindi: A picture is worth 1000 words
Actions speak louder than words,Believe what people do and not what they say,Actions speak louder than words,idiom in Hindi: Actions speak louder than words
Add insult to injury,To make a bad situation worse,Add insult to injury,Hindi: Add insult to injury
Barking up the wrong tree,"To be mistaken, to be looking for solutions in the wrong place",Barking up the wrong tree,idiom in Hindi: Barking up the wrong tree
Birds of a feather flock together,People who are alike are often friends (usually used negatively),Birds of a feather flock together,idiom in Hindi: Birds of a feather flock together.
Bite off more than you can chew,Take on a project that you cannot finish,Bite off more than you can chew,a bit more than you can chew
Break the ice,Make people feel more comfortable,Break the ice,Hindi: Break the ice
By the skin of your teeth,Just barely,By the skin of your teeth,Hindi: By the skin of your teeth
Comparing apples to oranges,Comparing two things that cannot be compared,Comparing apples to oranges,idiom in Hindi: Comparing apples to oranges
Costs an arm and a leg,Very expensive,Costs an arm and a leg,in Hindi: Costs an arm and a leg.
Do something at the drop of a hat,Do something without having planned beforehand,Do something at the drop of a hat,a hat.
Do unto others as you would have them do unto you,"Treat people fairly. Also known as ""The Golden Rule""",Do unto others as you would have them do unto you,Find this idiom in Hindi: Do unto others as you would have them do unto you
Don't count your chickens before they hatch,Don't count on something good happening until it's happened.,Don't count your chickens before they hatch,in Hindi: Don't count your chickens before they hatch.
Don't cry over spilt milk,There's no reason to complain about something that can't be fixed,Don't cry over spilt milk,idiom in Hindi: Don't cry over spilt milk over spilt milk.
Don't give up your day job,You're not very good at this,Don't give up your day job,: Don't give up your day job.
Don't put all your eggs in one basket,What you're doing is too risky,Don't put all your eggs in one basket,: Put all your eggs in one basket.
Every cloud has a silver lining,Good things come after bad things,Every cloud has a silver lining,a cloud has a silver lining.
Get a taste of your own medicine,Get treated the way you've been treating others (negative),Get a taste of your own medicine,idiom in Hindi: Get a taste of your own medicine
Give someone the cold shoulder,Ignore someone,Give someone the cold shoulder,Find this idiom in Hindi: Give someone the cold shoulder
Go on a wild goose chase,To do something pointless,Go on a wild goose chase,a wild goose chase
Good things come to those who wait,Be patient,Good things come to those who wait,idiom in Hindi: Good things come to those who wait
He has bigger fish to fry,He has bigger things to take care of than what we are talking about now,He has bigger fish to fry,he has bigger fish to fry
He's a chip off the old block,The son is like the father,He's a chip off the old block,: this idiom in Hindi: He's a chip off the old block.
Hit the nail on the head,Get something exactly right,Hit the nail on the head,Hindi: Hit the nail on the head
Ignorance is bliss,You're better off not knowing,Ignorance is bliss,Hindi: Ignorance is bliss
It ain't over till the fat lady sings,This isn't over yet,It ain't over till the fat lady sings,a idiom in Hindi: It ain't over till the fat lady sings.
It takes one to know one,You're just as bad as I am,It takes one to know one,idiom in Hindi: It takes one to know one
It's a piece of cake,It's easy,It's a piece of cake,Find the equivalent of this idiom in Hindi: It's a piece of cake.
It's raining cats and dogs,It's raining hard,It's raining cats and dogs,in Hindi: this idiom in Hindi: It's raining cats and dogs and dogs.
Kill two birds with one stone,Get two things done with a single action,Kill two birds with one stone,a idiom in Hindi: Kill two birds with one stone
Let the cat out of the bag,Give away a secret,Let the cat out of the bag,a cat out of the bag
Live and learn,I made a mistake,Live and learn,idiom in Hindi: Live and learn
Look before you leap,Take only calculated risks,Look before you leap,a saxophone: Look before you leap
On thin ice,"On probation. If you make another mistake, there will be trouble.",On thin ice,Find this idiom in Hindi: On thin ice
Once in a blue moon,Rarely,Once in a blue moon,idiom in Hindi: Once in a blue moon
Play devil's advocate,"To argue the opposite, just for the sake of argument",Play devil's advocate,'s advocate. this idiom in Hindi: Play devil's advocate.
Put something on ice,Put a projet on hold,Put something on ice,Hindi: Put something on ice
Rain on someone's parade,To spoil something,Rain on someone's parade,a idiom in Hindi: Rain on someone's parade.
Saving for a rainy day,Saving money for later,Saving for a rainy day,a rainy day.
Slow and steady wins the race,Reliability is more important than speed,Slow and steady wins the race,a idiom in Hindi: Slow and steady wins the race
Spill the beans,Give away a secret,Spill the beans,a idiom in Hindi: Spill the beans
Take a rain check,Postpone a plan,Take a rain check,idiom in Hindi: Take a rain check
Take it with a grain of salt,Don’t take it too seriously,Take it with a grain of salt,idiom in Hindi: Take it with a grain of salt
The ball is in your court,It's your decision,The ball is in your court,Find this idiom in Hindi: The ball is in your court.
The best thing since sliced bread,A really good invention,The best thing since sliced bread,a sassy idiom in Hindi: The best thing since sliced bread
The devil is in the details,"It looks good from a distance, but when you look closer, there are problems",The devil is in the details,Hindi: The devil is in the details
The early bird gets the worm,The first people who arrive will get the best stuff,The early bird gets the worm,a worm.
The elephant in the room,"The big issue, the problem people are avoiding",The elephant in the room,in Hindi: The elephant in the room
The whole nine yards,"Everything, all the way.",The whole nine yards,find this idiom in Hindi: The whole nine yards
There are other fish in the sea,It's ok to miss this opportunity. Others will arise.,There are other fish in the sea,idiom in Hindi: There are other fish in the sea
There's a method to his madness,He seems crazy but actually he's clever,There's a method to his madness,. a method to his madness... the equivalent of this idiom in Hindi: There's a method to his madness.
There's no such thing as a free lunch,Nothing is entirely free,There's no such thing as a free lunch,a free lunch. the equivalent of this idiom in Hindi: There's no such thing as a free lunch.
Throw caution to the wind,Take a risk,Throw caution to the wind,a savage idiom in Hindi:
You can't have your cake and eat it too,You can't have everything,You can't have your cake and eat it too,a cake. this idiom in Hindi: You can't have your cake and eat it too.
You can't judge a book by its cover,"This person or thing may look bad, but it's good inside",You can't judge a book by its cover,: this idiom in Hindi: You can't judge a book by its cover.
A little learning is a dangerous thing,People who don't understand something fully are dangerous,A little learning is a dangerous thing,idiom in Hindi: A little learning is a dangerous thing.
A snowball effect,Events have momentum and build upon each other,A snowball effect,idiom in Hindi: A snowball effect
A snowball's chance in hell,No chance at all,A snowball's chance in hell,a snowball's chance in hell. this idiom in Hindi: A snowball's chance in hell.
A stitch in time saves nine,Fix the problem now because it will get worse later,A stitch in time saves nine,this idiom in Hindi: A stitch in time saves nine times.
A storm in a teacup,A big fuss about a small problem,A storm in a teacup,a storm in a teacup
An apple a day keeps the doctor away,Apples are good for you,An apple a day keeps the doctor away,a day keeps the doctor away.
An ounce of prevention is worth a pound of cure,You can prevent a problem with little effort. Fixing it later is harder.,An ounce of prevention is worth a pound of cure,a pound of cure.
As right as rain,Perfect,As right as rain,"a saxophone, a saxophone, a saxophone, a saxophone, a saxophone, a saxophone, a saxophone, a saxophone, a saxophone, a saxophone, a saxophone"
Bolt from the blue,Something that happened without warning,Bolt from the blue,Hindi: Bolt from the blue
Burn bridges,Destroy relationships,Burn bridges,a idiom in Hindi: Burn bridges
Calm before the storm,"Something bad is coming, but right now it's calm",Calm before the storm,the storm.
Come rain or shine,No matter what,Come rain or shine,Find this idiom in Hindi: Come rain or shine
Curiosity killed the cat,Stop asking questions,Curiosity killed the cat,Find this idiom in Hindi: Curiosity killed the cat
Cut the mustard,Do a good job,Cut the mustard,in Hindi: Cut the mustard
Don't beat a dead horse,"Move on, this subject is over",Don't beat a dead horse,a dead horse. this idiom in Hindi: Don't beat a dead horse.
Every dog has his day,Everyone gets a chance at least once,Every dog has his day,
Familiarity breeds contempt,The better you know someone the less you like him,Familiarity breeds contempt,this idiom in Hindi: Familiarity breeds contempt.
Fit as a fiddle,In good health,Fit as a fiddle,idiom in Hindi: Fit as a fiddle
Fortune favours the bold,Take risks,Fortune favours the bold,idiom in Hindi: Fortune favors the bold.
Get a second wind,Have more energy after having been tired,Get a second wind,idiom in Hindi: Get a second wind
Get wind of something,Hear news of something secret,Get wind of something,idiom in Hindi: Get wind of something
Go down in flames,Fail spectacularly,Go down in flames,idiom in Hindi: Go down in flames
Haste makes waste,You'll make mistakes if you rush through something,Haste makes waste,idiom in Hindi: Haste makes waste
Have your head in the clouds,Not be concentrating,Have your head in the clouds,a salope: Have your head in the clouds
He who laughs last laughs loudest,I'll get you back for what you did,He who laughs last laughs loudest,idiom in Hindi: He who laughs last laughs loudest laughs loudest laughs loudest laughs loudest laughs.
Hear something straight from the horse's mouth,Hear something from the person involved,Hear something straight from the horse's mouth,a hindi idiom: a hindi idiom in Hindi: a hindi equivalent of this idiom: Hear something straight from the horse's mouth.
He's not playing with a full deck,He's dumb,He's not playing with a full deck,: the equivalent of this idiom in Hindi: He's not playing with a full deck with a full deck.
He's off his rocker,He's crazy,He's off his rocker,: this idiom in Hindi:.. this idiom in Hindi: Hindi: this idiom in Hindi:: in Hindi:: idiom in Hindi: He's off his rocker rocker.
He's sitting on the fence,He can't make up his mind,He's sitting on the fence,: He's sitting on the fence on the fence on the fence.
It is a poor workman who blames his tools,"If you can't do the job, don't blame it on others",It is a poor workman who blames his tools,: It is a poor workman who blames his tools for his tools.
It is always darkest before the dawn,Things are going to get better,It is always darkest before the dawn,idiom in Hindi: It is always darkest before the dawn
It takes two to tango,One person alone isn't responsible. Both people are involved.,It takes two to tango,tango.
Jump on the bandwagon,"Follow a trend, do what everyone else is doing",Jump on the bandwagon,in Hindi: Jump on the bandwagon
Know which way the wind is blowing,Understand the situation (usually negative),Know which way the wind is blowing,idiom in Hindi: Know which way the wind blows.
Leave no stone unturned,Look everywhere,Leave no stone unturned,Find this idiom in Hindi: Leave no stone unturned
Let sleeping dogs lie,Stop discussing an issue,Let sleeping dogs lie,in Hindi: Let sleeping dogs lie
Like riding a bicycle,Something you never forget how to do,Like riding a bicycle,a bicycle: a bicycle a bicycle this idiom in Hindi: a bicycle
Like two peas in a pod,They're always together,Like two peas in a pod,idiom in Hindi: this idiom in Hindi: this idiom in Hindi: Like two poas in a pod in a pod
Make hay while the sun shines,Take advantage of a good situation,Make hay while the sun shines,idiom in Hindi: Make hay while the sun shines.
On cloud nine,Very happy,On cloud nine,a idiom in Hindi: On cloud nine
"Once bitten, twice shy",You're more cautious when you've been hurt before,"Once bitten, twice shy","a idiom in Hindi: Once bitten, twice shy"
Out of the frying pan and into the fire,Things are going from bad to worse,Out of the frying pan and into the fire,Hindi: Out of the frying pan and into the fire
Run like the wind,Run fast,Run like the wind,a savage savage : Run like the wind
Shape up or ship out,Work better or leave,Shape up or ship out,Hindi: Shape up or ship out
Snowed under,Busy,Snowed under,idiom in Hindi: Snowed under
That ship has sailed,It's too late,That ship has sailed,sailed.
The pot calling the kettle black,Someone criticizing someone else he is just as bad,The pot calling the kettle black,the kettle black.
There are clouds on the horizon,Trouble is coming,There are clouds on the horizon,a idiom in Hindi: There are clouds on the horizon
Those who live in glass houses shouldn't throw stones,People who are morally questionable shouldn't criticize others,Those who live in glass houses shouldn't throw stones,in glass houses. this idiom in Hindi: in glass houses. in glass houses shouldn't throw stones. this idiom in Hindi. glass houses should not throw stones.
Through thick and thin,In good times and in bad times,Through thick and thin,Find this idiom in Hindi: Through thick and thin
Time is money,Work quickly,Time is money,Hindi: Time is money
"Waste not, want not",Don't waste things and you'll always have enough,"Waste not, want not",", want not, want not, want not"
We see eye to eye,We agree,We see eye to eye,a idiom in Hindi: We see eye to eye
Weather the storm,Go through something difficult,Weather the storm,: Weather the storm
Well begun is half done,Getting a good start is important,Well begun is half done,in Hindi: Well started is half done
When it rains it pours,Everything is going wrong at once,When it rains it pours,in Hindi: When it rains it pours out.
You can catch more flies with honey than you can with vinegar,You'll get what you want by being nice,You can catch more flies with honey than you can with vinegar,this idiom in Hindi: You can catch more flies with honey than you can with vinegar.
"You can lead a horse to water, but you can't make him drink",You can't force someone to make the right decision,"You can lead a horse to water, but you can't make him drink","this idiom in Hindi: this idiom in Hindi: this idiom in Hindi: You can lead a horse to water, but you can't make him drink."
You can't make an omelet without breaking some eggs,There's always a cost to doing something,You can't make an omelet without breaking some eggs,in Hindi. this idiom in Hindi: omelet without breaking eggs.. this idiom in Hindi: You can't make an omelet without breaking some eggs.
